{
  "welcome_page": {
    "0":[0,0.9682471233135],
    "1":[0,0.95760504714086],
    "2":[0,0.9469636623756],
    "3":[0,0.93632282863803],
    "4":[0,0.9256823085895],
    "5":[0,0.91504177865141],
    "6":[0,0.90440083900459],
    "7":[0,0.89375902296496],
    "8":[0,0.88311663812303],
    "9":[0,0.87247441304255],
    "10":[0,0.8618323746262],
    "11":[0,0.8511905149919],
    "12":[0,0.84054879936064],
    "13":[0,0.82990717361508],
    "14":[0,0.81926557172874],
    "15":[0,0.80862392311549],
    "16":[0,0.79798215994883],
    "17":[0,0.78734022449961],
    "18":[0,0.77669807654149],
    "19":[0,0.76605570087371],
    "20":[0,0.75541311501234],
    "21":[0,0.74477037710233],
    "22":[0,0.73412759410558],
    "23":[0,0.7234849303223],
    "24":[0,0.71284272336447],
    "25":[0,0.70220110638561],
    "26":[0,0.6915596864431],
    "27":[0,0.68091814761189],
    "28":[0,0.6702762788165],
    "29":[0,0.65963398599175],
    "30":[0,0.64899130529884],
    "31":[0,0.63834841754216],
    "32": [0,0.6277056639494],
    "33": [0,0.61706379306279],
    "34": [0,0.60642282324961],
    "35": [0,0.59578196611021],
    "36": [0,0.58514065220689],
    "37": [0,0.57449856188498],
    "38": [0,0.56385565399441],
    "39": [0,0.55321219884716],
    "40": [0,0.54256881611067],
    "41": [0,0.53192634965501],
    "43": [0,0.51064211728353],
    "44": [0,0.5],
    "45": [0,0.45],
    "46": [0,0.385],
    "47": [0,0.36],
    "48": [0,0.34210249365117],
    "49": [0,0.30263129559651],
    "50": [0,0.26315777509774],
    "51": [0,0.22368507937903],
    "52": [0,0.18421111075132],
    "53": [0,0.14473899061384],
    "54": [0,0.10527422845036],
    "55": [0,0.06579971115199],
    "56": [0,0.02631648194571],
    "57": [0,-0.01315455870204],
    "58": [0,-0.05263017255835],
    "59": [0,-0.09210176075526],
    "60": [0,-0.13157854007332],
    "61": [0,-0.17105029642311],
    "62": [0,-0.21052341437506],
    "63": [0,-0.25]
  }
}